"Refs","Qty","Part","Footprint","DNP"
"C1-C3","3","1nF 50V ceramic disc, 5 mm","Capacitor_THT:C_Disc_D5.0mm_W2.5mm_P5.00mm","DNP"
"C4,C7","2","100nF 50V ceramic disc, 5 mm","Capacitor_THT:C_Disc_D5.0mm_W2.5mm_P5.00mm",""
"C5","1","1uF 25V tantalum, 2.5 mm","Capacitor_THT:CP_Radial_Tantal_D4.5mm_P2.50mm",""
"C6","1","10nF 50V ceramic disc, 5 mm","Capacitor_THT:C_Disc_D5.0mm_W2.5mm_P5.00mm",""
"C8","1","47uF 16V electrolytic, 5 mm dia, 2 mm","Capacitor_THT:CP_Radial_D5.0mm_P2.00mm",""
"C9","1","22pF 50V C0G ceramic disc, 5 mm","Capacitor_THT:C_Disc_D5.0mm_W2.5mm_P5.00mm",""
"D1","1","1N4148 small-signal diode, DO-35","Diode_THT:D_DO-35_SOD27_P7.62mm_Horizontal",""
"D2","1","LED built into the Caps Lock switch (no separate part)","amiga1000:Mitsumi_A1000_CapsLock_LED",""
"FB1-FB3","3","Axial ferrite bead, e.g. Fair-Rite 2743001112","Inductor_THT:L_Axial_L9.5mm_D4.0mm_P12.70mm_Horizontal_Fastron_SMCC",""
"J1","1","Original 4-wire cable soldered in (or a 1x4 2.54 mm header)","Connector_PinHeader_2.54mm:PinHeader_1x04_P2.54mm_Vertical",""
"Q1","1","2SC2021 (Rohm SPT, original) or 2SC1815/KSC1815 TO-92; any small NPN with E-C-B pinout","amiga1000:TO-92_Inline_Wide_ECB",""
"R1","1","150R 1/4W axial","Resistor_THT:R_Axial_DIN0207_L6.3mm_D2.5mm_P10.16mm_Horizontal",""
"R2","1","510K 1/4W axial","Resistor_THT:R_Axial_DIN0207_L6.3mm_D2.5mm_P10.16mm_Horizontal",""
"R3","1","560K 1/4W axial","Resistor_THT:R_Axial_DIN0207_L6.3mm_D2.5mm_P10.16mm_Horizontal",""
"SW1-SW54,SW56,SW57,SW59-SW91","89","Mitsumi standard mechanical Type 2 (KCT) keyswitch, salvaged","amiga1000:Mitsumi_A1000_Switch",""
"SW55,SW58,SW92","3","Mitsumi standard mechanical Type 2 (KCT) keyswitch, salvaged","amiga1000:Mitsumi_A1000_Switch","DNP"
"U1","1","Commodore 6500/1 keyboard controller, salvaged from an A1000 keyboard (or a 6570 with white/green swapped)","Package_DIP:DIP-40_W15.24mm",""
"U2","1","NE556N dual timer, DIP-14","Package_DIP:DIP-14_W7.62mm",""
"Y1","1","3.000 MHz crystal, HC-49/U","Crystal:Crystal_HC49-U_Vertical",""
