# Switch centres (midpoint between the two pins), mm. x from the left board edge,
# y up from the front edge, component side up. Measured from a 200 dpi scan, about +/-0.15 mm.
x_mm,y_mm
18.95,110.32
49.89,110.34
73.65,110.34
97.37,110.33
121.17,110.35
145.02,110.33
178.25,110.34
202.15,110.38
226.00,110.33
249.88,110.31
273.69,110.34
304.60,110.34
21.26,91.32
42.69,91.32
61.78,91.33
80.66,91.32
99.72,91.32
118.76,91.33
137.82,91.34
156.83,91.35
175.84,91.33
194.97,91.32
214.07,91.33
233.07,91.32
252.12,91.37
271.21,91.35
297.37,91.38
342.42,91.40
361.58,91.41
380.70,91.41
25.94,72.35
52.10,72.35
71.02,72.34
90.20,72.34
109.24,72.34
128.18,72.33
147.24,72.35
166.25,72.35
185.31,72.34
204.37,72.40
223.52,72.27
242.55,72.27
261.51,72.34
304.44,72.30
342.36,72.35
361.51,72.35
380.64,72.42
18.70,53.28
37.76,53.25
56.77,53.22
75.71,53.23
94.75,53.30
113.81,53.27
132.81,53.28
151.81,53.28
170.94,53.29
190.00,53.31
209.06,53.25
228.10,53.20
247.17,53.29
266.27,53.22
304.39,53.34
342.33,53.33
361.47,53.34
380.57,53.35
23.38,34.24
33.00,34.24
47.18,34.23
66.22,34.28
85.23,34.22
104.20,34.20
123.23,34.24
142.40,34.23
161.44,34.28
180.34,34.29
199.50,34.29
218.64,34.26
237.56,34.19
266.18,34.21
294.65,34.21
313.63,34.20
351.91,34.21
380.52,34.30
44.80,15.15
68.57,15.18
151.68,15.10
235.20,15.18
258.94,15.21
304.27,15.08
342.18,15.25
370.88,15.24
